ACO_ID,ACO_Name,Actual_2023_Sav_rate,Predicted_2024_Sav_rate,Actual_2024_Sav_rate,Predicted_Change_pp,Actual_Change_pp,Predicted_Trend,Actual_Trend,Absolute_Error,Forecast_Quality
A1001,"PBACO Holding, LLC",9.09,9.875710678052316,8.89,0.7857106780523164,-0.1999999999999993,Positive,Stable,0.9857106780523157,Excellent
A1026,"AHS ACO, LLC",6.01,4.710845665699693,3.87,-1.2991543343003071,-2.1399999999999997,Negative,Negative,0.8408456656996925,Excellent
A1033,"Advocate Physician Partners Accountable Care, Inc.",6.11,5.911693603577213,3.85,-0.19830639642278758,-2.2600000000000002,Stable,Negative,2.0616936035772127,Moderate
A1041,"West Florida ACO, LLC",4.83,3.448209303072112,3.24,-1.381790696927888,-1.5899999999999999,Negative,Negative,0.20820930307211194,Excellent
A1051,"Coastal Carolina Quality Care, Inc.",16.66,13.90232874077312,15.47,-2.75767125922688,-1.1899999999999995,Negative,Negative,1.5676712592268807,Good
A1059,"Optimus Healthcare Partners, LLC",4.24,5.389550053817739,5.13,1.1495500538177392,0.8899999999999997,Positive,Positive,0.25955005381773955,Excellent
A1061,Ascension Care Management Health Partners Tennessee,2.39,4.379131045119474,3.16,1.9891310451194735,0.77,Positive,Positive,1.2191310451194735,Good
A1063,Summa Accountable Care Organization,4.91,5.761071509345744,5.75,0.8510715093457435,0.8399999999999999,Positive,Positive,0.011071509345743635,Excellent
A1066,Essentia Health,3.54,4.5816631111537856,5.83,1.0416631111537855,2.29,Positive,Positive,1.2483368888462145,Good
A1095,"Oakwood Accountable Care Organization, LLC",6.33,8.322419848859964,7.98,1.9924198488599636,1.6500000000000004,Positive,Positive,0.34241984885996324,Excellent
A1131,"Florida Medical Clinic ACO, LLC",1.16,4.399155724320441,5.74,3.239155724320441,4.58,Positive,Positive,1.3408442756795589,Good
A1175,Memorial Hermann Accountable Care Organization,2.01,2.7996360263063655,2.35,0.7896360263063658,0.3400000000000003,Positive,Positive,0.44963602630636545,Excellent
A1196,Methodist Patient Centered ACO,4.85,5.628920277911809,6.48,0.7789202779118094,1.6300000000000008,Positive,Positive,0.8510797220881914,Excellent
A1199,"Westchester Medical Group, PLLC",0.95,4.306663795849591,2.56,3.356663795849591,1.61,Positive,Positive,1.746663795849591,Good
A1204,"BJC HealthCare ACO, LLC",2.75,0.47727771822350773,0.37,-2.2727222817764923,-2.38,Negative,Negative,0.10727771822350773,Excellent
A1215,"Mercy Health Select, LLC",7.54,7.343687504927641,6.37,-0.19631249507235893,-1.17,Stable,Negative,0.973687504927641,Excellent
A1216,Southern Kentucky Health Care Alliance,10.25,8.986992148469419,9.34,-1.2630078515305811,-0.9100000000000001,Negative,Negative,0.353007851530581,Excellent
A1225,"Cumberland Center for Healthcare Innovation, LLC",9.64,9.267123330362578,10.36,-0.3728766696374226,0.7199999999999989,Negative,Positive,1.0928766696374215,Good
A1241,"AnewCare Collaborative, LLC",-6.91,3.280855956284828,3.33,10.190855956284828,10.24,Positive,Positive,0.049144043715172,Excellent
A1242,BHS Accountable Care LLC,2.99,3.400062324908474,3.39,0.41006232490847383,0.3999999999999999,Positive,Positive,0.010062324908473919,Excellent
A1247,"RWJBH Accountable Care, LLC",5.1,5.039409012571332,5.02,-0.060590987428668086,-0.08000000000000007,Stable,Stable,0.019409012571331985,Excellent
A1252,Polyclinic Management Services Company,8.63,5.528779000730119,5.25,-3.1012209992698816,-3.380000000000001,Negative,Negative,0.2787790007301192,Excellent
A1262,University Hospitals Coordinated Care,9.94,8.645842061293465,9.15,-1.294157938706535,-0.7899999999999991,Negative,Negative,0.5041579387065358,Excellent
A1290,MaineHealth Accountable Care Organization,2.77,3.319453520596906,3.03,0.5494535205969058,0.2599999999999998,Positive,Positive,0.289453520596906,Excellent
A1297,"Physician Organization of Michigan ACO, LLC",1.91,4.246392160729039,4.7,2.336392160729039,2.79,Positive,Positive,0.45360783927096104,Excellent
A1392,"Asian American Accountable Care Organization, LLC",8.49,4.904638817713303,4.83,-3.5853611822866975,-3.66,Negative,Negative,0.07463881771330261,Excellent
A1401,TP-ACO L.L.C.,8.4,4.750571104419254,5.21,-3.649428895580747,-3.1900000000000004,Negative,Negative,0.4594288955807464,Excellent
A1403,"AHN Accountable Care Organization, LLC",9.79,10.959736896149375,9.65,1.1697368961493755,-0.1399999999999988,Positive,Stable,1.3097368961493743,Good
A1459,"Alegent Health Partners, LLC",6.08,4.092096635717352,3.98,-1.9879033642826478,-2.1,Negative,Negative,0.11209663571735229,Excellent
A1488,"Northwest Ohio ACO, LLC",-1.5,0.03448571216199951,-1.39,1.5344857121619995,0.1100000000000001,Positive,Stable,1.4244857121619994,Good
A1490,"Lahey Clinical Performance Accountable Care Organization, LLC",0.34,-0.4101804223884808,2.03,-0.7501804223884808,1.6899999999999997,Negative,Positive,2.4401804223884804,Moderate
A1494,"Indiana Lakes ACO, LLC",1.72,4.2019807884264315,2.67,2.4819807884264318,0.95,Positive,Positive,1.5319807884264316,Good
A1501,"AMITA Health Accountable Care Organization, LLC",3.05,3.3268086736848086,2.58,0.27680867368480877,-0.46999999999999975,Positive,Negative,0.7468086736848085,Excellent
A1522,"Southcoast Accountable Care Organization, LLC",3.59,2.8169760115962026,3.33,-0.7730239884037973,-0.2599999999999998,Negative,Negative,0.5130239884037975,Excellent
A1535,"Ochsner Accountable Care Network, LLC",3.98,5.576626140080222,5.4,1.5966261400802222,1.4200000000000004,Positive,Positive,0.17662614008022182,Excellent
A1539,Collaborative Care of Florida LLC,-3.44,3.027087732671032,2.17,6.4670877326710325,5.609999999999999,Positive,Positive,0.8570877326710322,Excellent
A1552,"Keystone Accountable Care Organization, LLC",4.38,4.561959745789421,5.58,0.1819597457894213,1.2000000000000002,Stable,Positive,1.0180402542105789,Good
A1557,"MCM ACCOUNTABLE CARE ORGANIZATION, LLC",5.87,9.205425328029458,13.49,3.3354253280294577,7.62,Positive,Positive,4.284574671970542,Poor
A1596,"Accountable Care Coalition of Georgia, LLC.",2.72,5.070834174100122,3.16,2.350834174100122,0.43999999999999995,Positive,Positive,1.9108341741001222,Good
A1652,Billings Clinic,0.22,-0.20637561835621124,-0.37,-0.42637561835621124,-0.59,Negative,Negative,0.16362438164378876,Excellent
A1675,HHC ACO Inc,8.75,11.80317905369571,11.25,3.0531790536957093,2.5,Positive,Positive,0.5531790536957093,Excellent
A1694,"Franciscan Northwest Physicians Health Network, LLC",3.26,2.9968334901662934,3.33,-0.2631665098337064,0.07000000000000028,Negative,Stable,0.33316650983370666,Excellent
A1702,"American Health Alliance, LLC",7.5,10.080294747159938,11.82,2.580294747159938,4.32,Positive,Positive,1.7397052528400625,Good
A1737,The Premier HealthCare Network LLC,12.12,10.235175097260694,7.53,-1.8848249027393056,-4.589999999999999,Negative,Negative,2.7051750972606934,Moderate
A1749,"HARTFORD HEALTHCARE ACCOUNTABLE CARE ORGANIZATION, INC.",6.28,6.475948349238491,7.15,0.19594834923849103,0.8700000000000001,Stable,Positive,0.6740516507615091,Excellent
A2000,"ProHealth Physicians ACO, LLC",10.52,13.409273217466751,17.92,2.8892732174667515,7.400000000000002,Positive,Positive,4.510726782533251,Poor
A2019,"Lancaster General Health Community Care Collaborative, LLC",0.69,0.12991830754205871,-0.26,-0.5600816924579413,-0.95,Negative,Negative,0.3899183075420587,Excellent
A2021,"Covenant ACO, Inc.",6.36,6.580993833996484,6.06,0.22099383399648342,-0.3000000000000007,Stable,Negative,0.5209938339964841,Excellent
A2024,"Accountable Care Organization of Pennsylvania, LLC",4.47,6.006942804373565,6.44,1.536942804373565,1.9700000000000006,Positive,Positive,0.43305719562643574,Excellent
A2029,"Scottsdale Health Partners, LLC",-3.86,-1.7999359157061467,-0.69,2.0600640842938533,3.17,Positive,Positive,1.1099359157061468,Good
A2035,Midwest Health Coalition ACO LLC,0.23,0.7420209127642631,3.5,0.5120209127642631,3.27,Positive,Positive,2.757979087235737,Moderate
A2057,"Privia Quality Network, LLC",10.63,11.320723919011716,10.95,0.6907239190117149,0.3199999999999985,Positive,Positive,0.3707239190117164,Excellent
A2070,"Renown Accountable Care, LLC",10.59,7.049479186844402,8.46,-3.540520813155598,-2.129999999999999,Negative,Negative,1.4105208131555989,Good
A2083,"First Coast Health Alliance, LLC",4.75,6.103164873636156,9.78,1.353164873636156,5.029999999999999,Positive,Positive,3.6768351263638435,Moderate
A2097,Mercy Health Corporation,9.69,11.048613675058409,8.61,1.3586136750584092,-1.08,Positive,Negative,2.4386136750584093,Moderate
A2098,"The Accountable Care Organization, Ltd.",5.65,5.735987348356082,5.91,0.08598734835608202,0.2599999999999998,Stable,Positive,0.17401265164391777,Excellent
A2107,"Primary PartnerCare ACO Independent Practice Association, Inc.",10.76,7.872379107705015,7.62,-2.8876208922949846,-3.1399999999999997,Negative,Negative,0.25237910770501504,Excellent
A2120,"North Georgia HealthCare Partnership, Inc.",4.77,4.523299886790104,6.11,-0.24670011320989538,1.3400000000000007,Stable,Positive,1.5867001132098961,Good
A2141,"MD Valuecare, LLC",10.55,9.416200929698245,8.99,-1.1337990703017553,-1.5600000000000005,Negative,Negative,0.4262009296982452,Excellent
A2142,Buena Vida y Salud LLC,11.1,2.6197699246760253,-2.5,-8.480230075323973,-13.6,Negative,Negative,5.119769924676025,Poor
A2147,"Health Choice Care, LLC",10.7,12.389619521575693,12.96,1.6896195215756933,2.2600000000000016,Positive,Positive,0.5703804784243083,Excellent
A2164,Arkansas Health Network LLC,-2.91,4.700640832833175,3.19,7.610640832833175,6.1,Positive,Positive,1.5106408328331749,Good
A2189,Loudoun Medical Group ACO LLC,2.62,1.7705355985395477,2.18,-0.8494644014604524,-0.43999999999999995,Negative,Negative,0.4094644014604525,Excellent
A2193,"Adirondacks ACO, LLC",2.75,0.6115217501026836,1.89,-2.1384782498973163,-0.8600000000000001,Negative,Negative,1.2784782498973164,Good
A2198,CCA ACO LLC,3.16,2.408190807290683,2.46,-0.7518091927093171,-0.7000000000000002,Negative,Negative,0.05180919270931694,Excellent
A2202,"SJFI, LLC",5.92,6.595073385186885,11.3,0.6750733851868853,5.380000000000001,Positive,Positive,4.7049266148131155,Poor
A2205,St Vincents Accountable Care Organization LLC,8.24,3.369386362361915,2.92,-4.870613637638085,-5.32,Negative,Negative,0.4493863623619152,Excellent
A2207,"CHA ACO, LLC",4.07,4.165487024204531,4.09,0.09548702420453115,0.019999999999999574,Stable,Stable,0.07548702420453157,Excellent
A2217,"Rocky Mountain Accountable Health Network, Inc",2.5,4.511756150920299,7.88,2.0117561509202986,5.38,Positive,Positive,3.3682438490797013,Moderate
A2246,PMC ACO LLC,5.84,0.24071515665953305,-2.26,-5.599284843340467,-8.1,Negative,Negative,2.500715156659533,Moderate
A2247,St Joseph Regional Health Partners ACO,5.99,8.696235706120895,12.28,2.7062357061208946,6.289999999999999,Positive,Positive,3.5837642938791046,Moderate
A2251,Silver State ACO LLC,7.54,7.589847362989758,7.24,0.049847362989758004,-0.2999999999999998,Stable,Negative,0.3498473629897578,Excellent
A2266,"Augusta Care Partners, LLC",2.69,1.048640915523758,0.83,-1.641359084476242,-1.8599999999999999,Negative,Negative,0.21864091552375797,Excellent
A2272,"SSM ACO, LLC",5.96,5.183284307613454,5.61,-0.7767156923865457,-0.34999999999999964,Negative,Negative,0.42671569238654605,Excellent
A2286,"Broward Guardian, LLC",6.41,6.087846521240971,5.05,-0.322153478759029,-1.3600000000000003,Negative,Negative,1.0378465212409713,Good
A2299,Northwest Florida Health Partners LLC,1.83,0.1772153373453469,-1.59,-1.6527846626546532,-3.42,Negative,Negative,1.767215337345347,Good
A2308,"Bayview Physician Services, PC",-1.44,-2.2804936300848357,-3.28,-0.8404936300848358,-1.8399999999999999,Negative,Negative,0.9995063699151641,Excellent
A2309,"Seton Accountable Care Organization, Inc.",8.52,8.919704172106206,8.9,0.39970417210620646,0.3800000000000008,Positive,Positive,0.019704172106205675,Excellent
A2311,"JFK Population Health Company, LLC",3.8,5.77004089032472,5.1,1.9700408903247197,1.2999999999999998,Positive,Positive,0.6700408903247199,Excellent
A2342,"Health Connect Partners, LLC",8.09,6.949069420974867,7.6,-1.1409305790251327,-0.4900000000000002,Negative,Negative,0.6509305790251325,Excellent
A2366,Akira Health of Fresno Inc.,12.66,9.280046532320156,12.37,-3.3799534676798437,-0.2900000000000009,Negative,Negative,3.089953467679843,Moderate
A2419,"Duke Connected Care, LLC",3.46,4.636802520434159,4.65,1.1768025204341592,1.1900000000000004,Positive,Positive,0.013197479565841164,Excellent
A2452,"Alliance for Integrated Care of New York, LLC",-1.79,-0.9622387561290441,-10.72,0.827761243870956,-8.93,Positive,Negative,9.757761243870956,Poor
A2490,"CMG ACO, LLC",3.65,5.416905138808978,5.35,1.7669051388089785,1.6999999999999997,Positive,Positive,0.06690513880897875,Excellent
A2500,York Health Plan,2.54,4.86892627549153,5.61,2.32892627549153,3.0700000000000003,Positive,Positive,0.7410737245084702,Excellent
A2506,Cotton-O'Neil ACO llc,3.38,4.554201520715869,5.43,1.1742015207158687,2.05,Positive,Positive,0.8757984792841311,Excellent
A2528,"Capital Health Accountable Care Organization, LLC",3.41,4.371479566096766,5.85,0.9614795660967657,2.4399999999999995,Positive,Positive,1.4785204339032338,Good
A2530,"Signature Partners in Health, LLC",5.79,5.591212510432188,4.54,-0.19878748956781234,-1.25,Stable,Negative,1.0512125104321877,Good
A2542,Baylor Quality Health Care Alliance LLC,7.33,6.434528220554649,7.01,-0.8954717794453515,-0.3200000000000003,Negative,Negative,0.5754717794453512,Excellent
A2543,"North Central Arizona Accountable Care, LLC",2.45,3.561450329947343,3.42,1.1114503299473428,0.9699999999999998,Positive,Positive,0.14145032994734308,Excellent
A2550,"Franciscan ACO, Inc.",6.18,5.868254793543108,6.2,-0.31174520645689174,0.020000000000000462,Negative,Stable,0.3317452064568922,Excellent
A2551,"Physicians ACO, LLC",16.76,12.233524497120213,11.35,-4.526475502879789,-5.410000000000002,Negative,Negative,0.883524497120213,Excellent
A2557,Aledade Delaware ACO LLC,11.5,13.025382947853265,12.52,1.5253829478532648,1.0199999999999996,Positive,Positive,0.5053829478532652,Excellent
A2571,"NYP-CU-WC Integrated Services, LLC",3.02,0.11108633889505914,-0.48,-2.9089136611049407,-3.5,Negative,Negative,0.5910863388950591,Excellent
A2587,"Springfield Clinic ACO, LLC",-0.2,-0.07070363816899954,0.83,0.12929636183100046,1.03,Stable,Positive,0.9007036381689995,Excellent
A2591,"Mission Health Partners, LLC",0.43,4.198913599357799,4.06,3.768913599357799,3.6299999999999994,Positive,Positive,0.13891359935779946,Excellent
A2592,"BayCare Physician Partners ACO, LLC",5.39,5.912291347508822,7.66,0.5222913475088227,2.2700000000000005,Positive,Positive,1.7477086524911778,Good
A2597,"Genesys PHO, L.L.C.",9.38,7.584541056051111,6.87,-1.7954589439488897,-2.5100000000000007,Negative,Negative,0.714541056051111,Excellent
A2598,"UMASS Memorial Accountable Care Organization, INC.",2.31,4.294539056370277,4.91,1.9845390563702767,2.6,Positive,Positive,0.6154609436297234,Excellent
A2599,"Ascension Care Management Health Partners Evansville, LLC",-0.16,3.409460230711215,4.12,3.5694602307112153,4.28,Positive,Positive,0.7105397692887849,Excellent
A2600,"Ascension Care Management Health Partners Indianapolis, LLC",4.41,5.869695038772724,6.58,1.4596950387727237,2.17,Positive,Positive,0.7103049612272763,Excellent
A2612,"Bassett Accountable Care Partners, LLC",-0.69,-0.37565882892770963,2.74,0.3143411710722903,3.43,Positive,Positive,3.11565882892771,Moderate
A2616,"Mercy Health ACO, LLC",6.8,7.4955790318209905,7.02,0.6955790318209907,0.21999999999999975,Positive,Stable,0.4755790318209909,Excellent
A2619,Illinois Rural Community Care Organization LLC,4.35,4.101511384204596,5.49,-0.24848861579540404,1.1400000000000006,Stable,Positive,1.3884886157954046,Good
A2620,"Northwestern Medicine ACO, LLC",-1.88,-2.165551842738149,-1.64,-0.28555184273814893,0.24,Negative,Stable,0.5255518427381489,Excellent
A2628,"Adena Healthcare Collaborative, LLC",-0.43,2.918552908055348,3.83,3.348552908055348,4.26,Positive,Positive,0.9114470919446522,Excellent
A2634,Akira Health of Los Angeles Inc,5.67,5.86210594793311,5.28,0.19210594793311042,-0.3899999999999997,Stable,Negative,0.5821059479331101,Excellent
A2643,Aledade Primary Care ACO LLC,10.92,11.51570717432961,11.71,0.5957071743296094,0.7900000000000009,Positive,Positive,0.19429282567039152,Excellent
A2645,"Mission Health Care Network, LLC",-0.41,-0.30302783875982003,1.07,0.10697216124017994,1.48,Stable,Positive,1.37302783875982,Good
A2666,"BMC Integrated Care Services, Inc.",6.16,3.5300454450609235,2.26,-2.6299545549390766,-3.9000000000000004,Negative,Negative,1.2700454450609238,Good
A2671,"USMM ACCOUNTABLE CARE PARTNERS, LLC",17.27,16.7261301958937,18.34,-0.5438698041063006,1.0700000000000003,Negative,Positive,1.6138698041063009,Good
A2684,"Coastal Plains Network, LLC",3.14,3.012521443107292,2.97,-0.12747855689270793,-0.16999999999999993,Stable,Stable,0.042521443107292,Excellent
A2695,"Northeast Medical Group ACO, LLC",6.44,4.564701966299374,4.22,-1.8752980337006262,-2.2200000000000006,Negative,Negative,0.34470196629937444,Excellent
A2704,"Richmond Quality, LLC",10.96,1.6562604249466555,3.58,-9.303739575053346,-7.380000000000001,Negative,Negative,1.9237395750533446,Good
A2706,"PQN - Central Texas, LLC",11.42,10.721628431129044,11.37,-0.6983715688709555,-0.05000000000000071,Negative,Stable,0.6483715688709548,Excellent
A2710,"CHI St. Luke's Health Network, LLC",-1.24,4.4182825802518675,2.57,5.658282580251868,3.8099999999999996,Positive,Positive,1.8482825802518676,Good
A2729,"Cleveland Clinic Medicare ACO, LLC",1.89,3.5539986083844703,4.5,1.6639986083844704,2.6100000000000003,Positive,Positive,0.9460013916155297,Excellent
A2735,"Lehigh Valley Health Network Accountable Care Organization, LLC",-1.26,-0.1305565815816077,0.17,1.1294434184183924,1.43,Positive,Positive,0.3005565815816077,Excellent
A2754,"United Medical, LLC",9.4,10.944301308762027,10.26,1.5443013087620265,0.8599999999999994,Positive,Positive,0.6843013087620271,Excellent
A2762,"LHP Accountable Care, LLC",-2.51,-1.5928771195850873,-3.59,0.9171228804149125,-1.08,Positive,Negative,1.9971228804149126,Good
A2772,"Citrus County ACO, LLC",19.44,15.5884285702777,22.13,-3.851571429722302,2.6899999999999977,Negative,Positive,6.5415714297223,Poor
A2773,"Think ACO, LLC",11.31,9.576676642791746,9.81,-1.7333233572082545,-1.5,Negative,Negative,0.23332335720825448,Excellent
A2778,"Physician Quality Partners, LLC",4.08,3.644199431414087,2.04,-0.435800568585913,-2.04,Negative,Negative,1.604199431414087,Good
A2783,"HSHS ACO, L.L.C.",5.21,2.270154864781422,2.72,-2.939845135218578,-2.4899999999999998,Negative,Negative,0.4498451352185784,Excellent
A2801,"Central Florida ACO, LLC",5.62,0.768652662544804,2.73,-4.851347337455196,-2.89,Negative,Negative,1.961347337455196,Good
A2802,Space Coast ACO LLC,6.35,5.175205623191188,3.32,-1.174794376808812,-3.03,Negative,Negative,1.8552056231911878,Good
A2809,AmpliPHY of Kentucky ACO LLC,8.86,10.987365472734941,11.65,2.127365472734942,2.790000000000001,Positive,Positive,0.6626345272650589,Excellent
A2811,Abacus Health LLC,8.71,10.150501643359044,7.97,1.4405016433590436,-0.7400000000000011,Positive,Negative,2.1805016433590447,Moderate
A2831,"Community Care Partnership of Maine, LLC",8.13,9.148575878585842,9.65,1.0185758785858408,1.5199999999999996,Positive,Positive,0.5014241214141588,Excellent
A2833,"IHC Quality Partners, LLC",-0.11,7.626104976744653,8.79,7.736104976744653,8.899999999999999,Positive,Positive,1.1638950232553462,Good
A2844,"Central Minnesota ACO, LLC",6.91,7.696658791596671,7.88,0.786658791596671,0.9699999999999998,Positive,Positive,0.1833412084033288,Excellent
A2880,National Rural ACO 19 LLC,6.64,7.924762564093588,8.06,1.2847625640935885,1.4200000000000008,Positive,Positive,0.13523743590641235,Excellent
A2909,"Aledade Florida Central ACO, LLC",6.31,6.110492254822371,5.75,-0.1995077451776286,-0.5599999999999996,Stable,Negative,0.360492254822371,Excellent
A2916,"Aledade Kansas ACO, LLC",10.52,11.285284800584451,14.09,0.7652848005844515,3.5700000000000003,Positive,Positive,2.804715199415549,Moderate
A2918,"Aledade Louisiana ACO, LLC",16.65,14.971452931304492,17.35,-1.6785470686955062,0.7000000000000028,Negative,Positive,2.378547068695509,Moderate
A2920,"Aledade West Virginia ACO, LLC",12.55,13.129191209955879,14.62,0.5791912099558783,2.0699999999999985,Positive,Positive,1.4908087900441203,Good
A2952,"Alliance ACO, LLC",11.9,10.319783878008565,14.57,-1.5802161219914357,2.67,Negative,Positive,4.250216121991436,Poor
A2973,"LTC ACO, LLC",12.2,17.619221215484853,20.17,5.419221215484853,7.970000000000002,Positive,Positive,2.550778784515149,Moderate
A2975,"Baptist Health Care Partners, LLC",0.77,0.18989873388950126,0.28,-0.5801012661104987,-0.49,Negative,Negative,0.09010126611049876,Excellent
A3016,"ProMedica Health Network, Inc.",4.15,4.149764007084458,4.11,-0.0002359929155426599,-0.040000000000000036,Stable,Stable,0.039764007084457376,Excellent
A3029,"CHRISTUS Health Quality Care Alliance, LLC",5.14,5.838107587431214,7.23,0.6981075874312141,2.0900000000000007,Positive,Positive,1.3918924125687866,Good
A3030,"North Shore-LIJ MSSP ACO, LLC",2.95,4.327672506397083,3.72,1.377672506397083,0.77,Positive,Positive,0.6076725063970829,Excellent
A3047,"Aledade Mississippi ACO, LLC",12.29,13.142174086265412,15.37,0.8521740862654124,3.08,Positive,Positive,2.2278259137345877,Moderate
A3053,"Christiana Care Quality Partners ACO, LLC",0.68,0.017007980203880505,0.38,-0.6629920197961195,-0.30000000000000004,Negative,Negative,0.3629920197961195,Excellent
A3094,AVANT MSO LLC,8.35,8.740961130881196,9.17,0.39096113088119644,0.8200000000000003,Positive,Positive,0.42903886911880385,Excellent
A3195,"Cayuga Area Preferred, Inc.",-1.7,-0.7876012397700806,-0.66,0.9123987602299194,1.04,Positive,Positive,0.12760123977008053,Excellent
A3229,Banner Health Network,1.74,4.727551994230428,4.06,2.9875519942304276,2.3199999999999994,Positive,Positive,0.6675519942304282,Excellent
A3235,"Mount Auburn Cambridge Independent Practice Association, Inc.",-1.25,-0.7217431991184375,-1.44,0.5282568008815625,-0.18999999999999995,Positive,Stable,0.7182568008815624,Excellent
A3236,"PQN - Georgia, LLC",7.89,9.370670442735426,10.45,1.480670442735426,2.5599999999999996,Positive,Positive,1.0793295572645736,Good
A3250,Piedmont Clinic ACO LLC,5.78,6.75781857591488,6.76,0.9778185759148794,0.9799999999999995,Positive,Positive,0.0021814240851201205,Excellent
A3266,Empire ACO LLC,5.15,8.63861589212564,7.88,3.4886158921256403,2.7299999999999995,Positive,Positive,0.7586158921256407,Excellent
A3272,"Netrin Primary Care ACO, LLC",4.41,5.211735053614945,5.98,0.8017350536149452,1.5700000000000003,Positive,Positive,0.768264946385055,Excellent
A3273,"Nebraska Health Network, LLC",1.76,4.048021711184817,2.22,2.2880217111848173,0.4600000000000002,Positive,Positive,1.828021711184817,Good
A3280,"Prime Care Managers, LLC",7.19,5.99587019734648,3.09,-1.1941298026535208,-4.1000000000000005,Negative,Negative,2.9058701973464798,Moderate
A3283,"Healthcare Solutions Network, LLC",2.02,3.2450697899121654,3.53,1.2250697899121654,1.5099999999999998,Positive,Positive,0.28493021008783437,Excellent
A3287,NPG Health Collaborative LLC,0.55,1.0904608573483996,2.59,0.5404608573483995,2.04,Positive,Positive,1.4995391426516003,Good
A3289,OSF Healthcare System,8.29,7.767612068528469,8.12,-0.5223879314715303,-0.16999999999999993,Negative,Stable,0.35238793147153036,Excellent
A3299,"Aledade Arkansas ACO, LLC",5.55,7.02369462951388,6.94,1.4736946295138802,1.3900000000000006,Positive,Positive,0.08369462951387963,Excellent
A3302,"Aledade Accountable Care 12, LLC",4.91,7.7760153078055385,7.74,2.8660153078055384,2.83,Positive,Positive,0.0360153078055383,Excellent
A3317,"McLaren High Performance Network, LLC",-1.1,-2.963441294095741,-2.91,-1.863441294095741,-1.81,Negative,Negative,0.05344129409574094,Excellent
A3318,Community Care Collaborative of Pennsylvania and New Jersey LLC,6.78,7.163413366858674,6.28,0.3834133668586741,-0.5,Positive,Negative,0.8834133668586741,Excellent
A3319,"Mid-Atlantic Collaborative Care, LLC",10.76,10.500909672023301,6.37,-0.25909032797669873,-4.39,Negative,Negative,4.130909672023301,Poor
A3320,Texas Panhandle Clinical Partners ACO LLC,2.05,4.600744567185669,4.41,2.550744567185669,2.3600000000000003,Positive,Positive,0.19074456718566868,Excellent
A3324,"Hampton Roads Good Help ACO, LLC",3.79,5.6290358953884185,9.04,1.8390358953884185,5.249999999999999,Positive,Positive,3.4109641046115806,Moderate
A3325,"Southeastern Health Partners Medicare ACO, LLC",2.5,3.4646746674848456,2.74,0.9646746674848456,0.2400000000000002,Positive,Stable,0.7246746674848454,Excellent
A3327,"New York Medical Partners ACO, LLC",3.06,2.7224562775731536,2.43,-0.3375437224268465,-0.6299999999999999,Negative,Negative,0.2924562775731534,Excellent
A3336,"Lifespan Health Alliance, LLC",3.41,3.7164099033633247,4.08,0.3064099033633245,0.6699999999999999,Positive,Positive,0.3635900966366754,Excellent
A3361,"UOP ACO, LLC",1.57,1.394582964751178,4.78,-0.17541703524882202,3.21,Stable,Positive,3.385417035248822,Moderate
A3365,"TC2, LLC",5.61,3.7520841547615142,4.31,-1.857915845238486,-1.3000000000000007,Negative,Negative,0.5579158452384854,Excellent
A3378,All Care Health Alliance LLC,7.87,8.35822758607985,10.23,0.4882275860798506,2.3600000000000003,Positive,Positive,1.8717724139201497,Good
A3379,"Pacific Accountable Care, LLC",4.64,0.7494855196741237,-0.68,-3.890514480325876,-5.319999999999999,Negative,Negative,1.4294855196741239,Good
A3380,"Mercy Health Network ACO, LLC",0.65,4.13455822084722,2.45,3.48455822084722,1.8000000000000003,Positive,Positive,1.6845582208472196,Good
A3391,"CHESS Value, LLC",-3.89,3.3903606108637456,5.83,7.280360610863745,9.72,Positive,Positive,2.4396393891362544,Moderate
A3454,"Trinity Integrated Care, LLC",1.98,2.3277445464554773,1.19,0.34774454645547737,-0.79,Positive,Negative,1.1377445464554774,Good
A3457,"Aledade Accountable Care 15, LLC",15.39,14.832313511536135,16.58,-0.5576864884638653,1.1899999999999977,Negative,Positive,1.747686488463863,Good
A3458,"Aledade Accountable Care 16, LLC",11.73,11.646384089159906,13.8,-0.0836159108400949,2.0700000000000003,Stable,Positive,2.153615910840095,Moderate
A3466,"Louisiana Primary Care Accountable Care Organization, LLC",4.38,8.497581387186454,10.52,4.117581387186454,6.14,Positive,Positive,2.0224186128135457,Moderate
A3473,Houston Methodist Coordinated Care,6.47,8.206913460750828,8.78,1.736913460750828,2.3099999999999996,Positive,Positive,0.5730865392491715,Excellent
A3476,"Rochester Regional Health ACO, Inc.",-0.05,-0.6736090538634764,-0.7,-0.6236090538634763,-0.6499999999999999,Negative,Negative,0.026390946136523596,Excellent
A3477,Community Health Provider Alliance,12.71,14.36786650167655,13.47,1.6578665016765495,0.7599999999999998,Positive,Positive,0.8978665016765497,Excellent
A3504,"Novant Health Accountable Care Organization I, LLC",3.5,5.984139617343236,5.92,2.484139617343236,2.42,Positive,Positive,0.06413961734323603,Excellent
A3507,"UVA Community Health Accountable Care Organization, LLC",1.36,4.3007151786484945,7.49,2.940715178648494,6.13,Positive,Positive,3.1892848213515057,Moderate
A3509,"OneHealth Nebraska ACO, LLC",8.87,10.104144011680106,9.31,1.2341440116801063,0.4400000000000013,Positive,Positive,0.7941440116801051,Excellent
A3521,"Scripps Accountable Care Organization, LLC",1.6,0.31625379237374657,0.08,-1.2837462076262536,-1.52,Negative,Negative,0.23625379237374655,Excellent
A3527,"Kansas Clinical Improvement Collaborative, LLC",0.17,-1.1825873485409255,-0.69,-1.3525873485409254,-0.86,Negative,Negative,0.49258734854092556,Excellent
A3531,"UCMCNACO, LLC",2.48,3.2120898487816127,4.04,0.7320898487816128,1.56,Positive,Positive,0.8279101512183873,Excellent
A3547,Physician Partners of Western PA LLC,2.16,3.234851579386785,2.84,1.074851579386785,0.6799999999999997,Positive,Positive,0.3948515793867853,Excellent
A3554,"Community Health Center Network Of Idaho, LLC",5.77,5.075845623781125,3.75,-0.6941543762188749,-2.0199999999999996,Negative,Negative,1.3258456237811247,Good
A3555,"Inspire Health Partners, LLC",3.13,0.3233421812799415,1.68,-2.8066578187200584,-1.45,Negative,Negative,1.3566578187200584,Good
A3560,"St. Luke's Shared Savings Plan, LLC",7.1,7.130369785117536,7.43,0.03036978511753663,0.33000000000000007,Stable,Positive,0.29963021488246344,Excellent
A3563,"Accountable Care Organization of West Virginia, LLC",4.27,4.091865203391541,3.95,-0.17813479660845832,-0.3199999999999994,Stable,Negative,0.14186520339154107,Excellent
A3566,"Myriad Health Alliance, LLC",1.11,0.830151094144332,0.78,-0.27984890585566813,-0.33000000000000007,Negative,Negative,0.05015109414433194,Excellent
A3578,Caravan Health ACO 15 LLC,3.43,4.280785659402809,3.57,0.8507856594028085,0.13999999999999968,Positive,Stable,0.7107856594028088,Excellent
A3579,"HH Health System ACO, LLC",2.63,0.4955185982620629,1.72,-2.134481401737937,-0.9099999999999999,Negative,Negative,1.224481401737937,Good
A3588,"Treasure Coast Integrated Healthcare, LLC",3.26,5.033119390281505,4.85,1.7731193902815052,1.5899999999999999,Positive,Positive,0.18311939028150537,Excellent
A3591,"ColigoCare, LLC",5.45,1.083525165279966,0.58,-4.366474834720034,-4.87,Negative,Negative,0.503525165279966,Excellent
A3599,"Central Virginia Accountable Care Collaborative, LLC",0.52,0.18500911559910913,0.94,-0.33499088440089086,0.41999999999999993,Negative,Positive,0.7549908844008908,Excellent
A3613,Utah Physicians Quality Care,3.53,3.7500021209129026,4.91,0.22000212091290283,1.3800000000000003,Stable,Positive,1.1599978790870975,Good
A3617,"Boulder Valley Care Network, LLC",-2.01,3.6717600105868184,2.07,5.681760010586818,4.08,Positive,Positive,1.6017600105868186,Good
A3621,"Kootenai Accountable Care, LLC",-0.75,-1.1473028007538504,-4.83,-0.3973028007538504,-4.08,Negative,Negative,3.6826971992461495,Moderate
A3623,"St. Luke's ACO, LLC",-0.92,-0.9945831669565127,0.74,-0.07458316695651268,1.6600000000000001,Stable,Positive,1.7345831669565128,Good
A3630,"Aledade Accountable Care 22, LLC",3.32,4.317749401410227,9.41,0.997749401410227,6.09,Positive,Positive,5.092250598589773,Poor
A3631,"MultiCare Connected Care, LLC",1.45,1.7156113604905368,1.03,0.2656113604905368,-0.41999999999999993,Positive,Negative,0.6856113604905367,Excellent
A3632,"Community Healthcare Partners ACO, Inc.",-0.97,-0.6523507776875027,1.47,0.31764922231249726,2.44,Positive,Positive,2.122350777687503,Moderate
A3633,A2 ACO LLC,4.22,3.9625254656679547,3.01,-0.25747453433204504,-1.21,Negative,Negative,0.9525254656679549,Excellent
A3644,Lifecare ACO LLC,2.28,3.8286872536043597,3.43,1.5486872536043599,1.1500000000000004,Positive,Positive,0.3986872536043595,Excellent
A3664,"CHSPSC ACO 2, LLC",2.7,2.2783785485746373,3.44,-0.4216214514253629,0.7399999999999998,Negative,Positive,1.1616214514253627,Good
A3667,"Health Alliance ACO, LLC",-0.94,4.957408765871789,6.27,5.8974087658717895,7.209999999999999,Positive,Positive,1.3125912341282104,Good
A3671,"Einstein Care Partners, LLC",0.6,4.221283740561174,4.51,3.6212837405611737,3.9099999999999997,Positive,Positive,0.28871625943882595,Excellent
A3675,"Carolinas HealthCare System ACO, LLC",1.35,3.323035516376707,3.22,1.973035516376707,1.87,Positive,Positive,0.10303551637670694,Excellent
A3677,"McLeod Healthcare Network, LLC",1.22,0.4826882506735589,-1.12,-0.7373117493264411,-2.34,Negative,Negative,1.602688250673559,Good
A3692,"CHSPSC ACO 15, LLC",3.03,4.710371647611623,4.54,1.6803716476116235,1.5100000000000002,Positive,Positive,0.17037164761162327,Excellent
A3694,"CHSPSC ACO 17, LLC",4.44,5.5303988067549685,6.13,1.0903988067549681,1.6899999999999995,Positive,Positive,0.5996011932450314,Excellent
A3696,"CHSPSC ACO 19, LLC",4.25,5.524555098587534,6.29,1.274555098587534,2.04,Positive,Positive,0.765444901412466,Excellent
A3698,"CHSPSC ACO 21, LLC",3.65,1.037879971040948,2.93,-2.612120028959052,-0.7199999999999998,Negative,Negative,1.892120028959052,Good
A3712,"CHSPSC ACO 6, LLC",0.85,1.474867049250302,2.26,0.624867049250302,1.4099999999999997,Positive,Positive,0.7851329507496978,Excellent
A3714,"CHSPSC ACO 7, LLC",2.76,5.129678191157383,6.52,2.3696781911573837,3.76,Positive,Positive,1.3903218088426161,Good
A3715,"CHSPSC ACO 8, LLC",2.71,3.664658941320855,7.3,0.9546589413208548,4.59,Positive,Positive,3.635341058679145,Moderate
A3720,"HealthChoice, LLC",2.32,5.96724419786179,7.05,3.64724419786179,4.73,Positive,Positive,1.0827558021382098,Good
A3722,"CHSPSC ACO 12, LLC",6.06,5.102696906410237,5.31,-0.9573030935897622,-0.75,Negative,Negative,0.20730309358976218,Excellent
A3723,"CHSPSC ACO 13, LLC",2.05,4.288231359516499,4.83,2.238231359516499,2.7800000000000002,Positive,Positive,0.5417686404835012,Excellent
A3724,"CHSPSC ACO 14, LLC",1.53,0.578821447830212,-1.04,-0.951178552169788,-2.5700000000000003,Negative,Negative,1.618821447830212,Good
A3730,"Heritage Valley Healthcare Network ACO, LLC",0.48,-0.0801166975004298,0.72,-0.5601166975004298,0.24,Negative,Stable,0.8001166975004298,Excellent
A3731,Cascadia Care Network LLC,-2.84,-0.9983306958929515,1.01,1.8416693041070484,3.8499999999999996,Positive,Positive,2.0083306958929517,Moderate
A3738,"Alabama Physician Network, LLC",-2.06,-2.390308728041677,-3.29,-0.33030872804167677,-1.23,Negative,Negative,0.8996912719583232,Excellent
A3739,Centrus Health of Kansas City LLC,10.35,9.56924496794732,7.66,-0.7807550320526797,-2.6899999999999995,Negative,Negative,1.9092449679473198,Good
A3759,"Riverside Health Source, LLC",2.39,0.6673742918286368,1.94,-1.7226257081713632,-0.4500000000000002,Negative,Negative,1.272625708171363,Good
A3764,"Select Physicians Associates, LLC",6.06,8.377282735381513,9.54,2.3172827353815135,3.4799999999999995,Positive,Positive,1.162717264618486,Good
A3770,"Family Choice ACO, LLC",14.79,11.927490817021177,15.78,-2.8625091829788225,0.9900000000000002,Negative,Positive,3.8525091829788227,Moderate
A3783,"Privia Quality Network Gulf Coast II, LLC",8.67,10.026454869933605,10.36,1.3564548699336054,1.6899999999999995,Positive,Positive,0.3335451300663941,Excellent
A3791,"University Health ACO, LLC",-2.29,-1.0265916214166302,0.23,1.2634083785833699,2.52,Positive,Positive,1.2565916214166302,Good
A3797,"NCH ACO, LLC",-0.96,-0.6646904224366349,-1.87,0.29530957756336507,-0.9100000000000001,Positive,Negative,1.2053095775633653,Good
A3799,UC Irvine Health Accountable Care Organization,2.61,4.8570119628521775,8.95,2.2470119628521776,6.34,Positive,Positive,4.092988037147822,Poor
A3825,"OhioHealth Venture, LLC",-0.74,-0.612550846786701,3.52,0.12744915321329897,4.26,Stable,Positive,4.132550846786701,Poor
A3832,"ACO of Central Alabama 1, LLC",1.94,0.518416128244511,0.36,-1.421583871755489,-1.58,Negative,Negative,0.158416128244511,Excellent
A3834,"CareMax National Care Network, LLC",4.48,6.736511234262985,6.45,2.2565112342629847,1.9699999999999998,Positive,Positive,0.28651123426298497,Excellent
A3840,"Mid South ACO, LLC",2.65,4.5405639239250295,4.65,1.8905639239250296,2.0000000000000004,Positive,Positive,0.10943607607497086,Excellent
A3864,"Baptist Physician Partners ACO, LLC",6.79,4.162251516673192,3.93,-2.6277484833268083,-2.86,Negative,Negative,0.23225151667319155,Excellent
A3873,"Adventist Health Accountable Care, LLC",3.57,2.4701544886982925,2.62,-1.0998455113017074,-0.9499999999999997,Negative,Negative,0.14984551130170765,Excellent
A3891,"Aledade Accountable Care 25, LLC",9.25,11.992011996046342,12.76,2.742011996046342,3.51,Positive,Positive,0.7679880039536577,Excellent
A3894,"Aledade Accountable Care 37, LLC",5.06,4.582456127970013,4.07,-0.4775438720299867,-0.9899999999999993,Negative,Negative,0.5124561279700126,Excellent
A3899,"Aledade Accountable Care 35, LLC",9.1,10.037720711716794,7.51,0.9377207117167945,-1.5899999999999999,Positive,Negative,2.5277207117167944,Moderate
A3908,"MHN ACO, LLC",3.1,4.427628796507029,6.77,1.3276287965070286,3.6699999999999995,Positive,Positive,2.342371203492971,Moderate
A3919,Bridges Health Partners ACO LLC,2.24,4.3527007537133615,3.82,2.1127007537133613,1.5799999999999996,Positive,Positive,0.5327007537133617,Excellent
A3922,Public Hospital District #1 of King County,1.35,0.33276707158709123,1.04,-1.017232928412909,-0.31000000000000005,Negative,Negative,0.7072329284129089,Excellent
A4502,"Western Accountable Care Organization, LLC",0.78,1.8245817888227411,-3.88,1.044581788822741,-4.66,Positive,Negative,5.7045817888227415,Poor
A4513,CAMC Health Network LLC,-1.05,-2.030620584230861,-2.3,-0.9806205842308608,-1.2499999999999998,Negative,Negative,0.26937941576913893,Excellent
A4516,"AtlantiCare Health Solutions, Inc.",3.45,4.109196412387125,5.32,0.659196412387125,1.87,Positive,Positive,1.210803587612875,Good
A4527,Caravan Health ACO 20 LLC,3.93,5.170488384542136,5.67,1.2404883845421355,1.7399999999999998,Positive,Positive,0.49951161545786427,Excellent
A4542,"Aledade Accountable Care 45, LLC",5.44,6.872968287317204,6.46,1.4329682873172036,1.0199999999999996,Positive,Positive,0.41296828731720403,Excellent
A4546,"Aledade Accountable Care 38, LLC",7.71,11.011166610410434,11.81,3.3011666104104345,4.1000000000000005,Positive,Positive,0.7988333895895661,Excellent
A4548,"Aledade Duwamish ACO, LLC",9.88,10.580166672220418,9.41,0.7001666722204174,-0.47000000000000064,Positive,Negative,1.170166672220418,Good
A4551,SolutionHealth ACO LLC,-0.65,-2.244269985909951,-1.03,-1.5942699859099512,-0.38,Negative,Negative,1.214269985909951,Good
A4556,"Emergent ACO, LLC",8.34,7.61858362416628,8.26,-0.7214163758337202,-0.08000000000000007,Negative,Stable,0.6414163758337201,Excellent
A4559,"Beth Israel Deaconess Physician Organization, LLC",-0.27,-0.2811400131290592,0.25,-0.011140013129059156,0.52,Stable,Positive,0.5311400131290591,Excellent
A4566,"Saint Francis Health Plans, LLC",3.61,0.3057638401985961,0.71,-3.3042361598014036,-2.9,Negative,Negative,0.40423615980140387,Excellent
A4573,"Bryan Health Connect ACO, LLC",6.49,6.935508921231864,5.83,0.4455089212318635,-0.6600000000000001,Positive,Negative,1.1055089212318636,Good
A4575,"Integra Community Care Network, LLC.",1.98,4.896978670438743,4.69,2.9169786704387426,2.7100000000000004,Positive,Positive,0.20697867043874218,Excellent
A4577,SOMOS ACCOUNTABLE CARE ORGANIZATION LLC,8.31,8.580736903632026,10.61,0.2707369036320255,2.299999999999999,Positive,Positive,2.0292630963679734,Moderate
A4585,"Texoma Clinical Partners ACO, LLC",5.88,8.68012274187547,9.59,2.8001227418754704,3.71,Positive,Positive,0.9098772581245296,Excellent
A4588,"McAuley Health Partners ACO, LLC",-1.91,-2.1768839387966974,-1.13,-0.2668839387966975,0.78,Negative,Positive,1.0468839387966975,Good
A4592,The Physicians Alliance LLC,0.02,-0.047016126590113325,2.02,-0.06701612659011333,2.0,Stable,Positive,2.0670161265901132,Moderate
A4597,Achiever Health Care Consultation and Management LLC,4.48,0.5805174350036851,1.35,-3.8994825649963154,-3.1300000000000003,Negative,Negative,0.769482564996315,Excellent
A4604,Caravan Health ACO 22 LLC,2.65,3.8215378046559225,4.0,1.1715378046559226,1.35,Positive,Positive,0.17846219534407748,Excellent
A4613,NH-Cares ACO LLC,0.09,-0.17712966923736262,1.36,-0.2671296692373626,1.27,Negative,Positive,1.5371296692373626,Good
A4614,"Queen's MSSP ACO, LLC",-0.1,0.3169855740386649,2.37,0.4169855740386649,2.47,Positive,Positive,2.053014425961335,Moderate
A4617,"Mayo Clinic Community ACO, LLC",4.34,5.4652982412604745,5.12,1.1252982412604746,0.7800000000000002,Positive,Positive,0.34529824126047437,Excellent
A4618,Virginia Care Partners ACO LLC,1.16,0.6672789187045032,0.86,-0.49272108129549674,-0.29999999999999993,Negative,Negative,0.1927210812954968,Excellent
A4620,"WK Integrin Health, L3C",-2.61,-0.9884338864932368,2.3,1.6215661135067632,4.91,Positive,Positive,3.2884338864932365,Moderate
A4626,"West Michigan Accountable Care Organization, LLC",6.39,8.438013071142635,8.29,2.048013071142635,1.8999999999999995,Positive,Positive,0.1480130711426355,Excellent
A4629,SoNE Health ACO LLC,4.0,4.702321524204772,6.72,0.7023215242047716,2.7199999999999998,Positive,Positive,2.017678475795228,Moderate
A4638,"KentuckyOne Health Partners, LLC",-0.19,-1.7012154206703778,-4.25,-1.5112154206703778,-4.06,Negative,Negative,2.548784579329622,Moderate
A4641,"Mass General Brigham ACO, LLC",2.41,3.5080806746516737,2.39,1.0980806746516736,-0.020000000000000018,Positive,Stable,1.1180806746516736,Good
A4649,"Mercycare Accountable Care Organization, LLC",3.72,4.55482457678808,5.2,0.8348245767880802,1.48,Positive,Positive,0.6451754232119198,Excellent
A4650,"North Jersey Health Alliance, LLC dba Mission Health Coordinated Care LLC",4.85,8.895241058704428,13.7,4.045241058704429,8.85,Positive,Positive,4.804758941295571,Poor
A4652,"AdvantagePoint Health Alliance - Great Lakes, LLC",-0.82,0.33857401424556993,0.89,1.1585740142455698,1.71,Positive,Positive,0.5514259857544301,Excellent
A4654,"AdvantagePoint Health Alliance - Blue Ridge, LLC",3.25,2.526477352451989,1.98,-0.7235226475480112,-1.27,Negative,Negative,0.5464773524519888,Excellent
A4657,"AdvantagePoint Health Alliance - Laurel Highlands, LLC",2.95,0.5869213368399409,2.13,-2.363078663160059,-0.8200000000000003,Negative,Negative,1.543078663160059,Good
A4671,"Aledade Accountable Care 48, LLC",6.05,6.926840805330063,7.77,0.8768408053300636,1.7199999999999998,Positive,Positive,0.8431591946699362,Excellent
A4678,UT Health San Antonio Regional Physician Network,6.3,5.592968314603764,5.56,-0.7070316853962355,-0.7400000000000002,Negative,Negative,0.0329683146037647,Excellent
A4692,Caravan Health ACO 41 LLC,0.4,0.5983488105353346,-0.21,0.1983488105353346,-0.61,Stable,Negative,0.8083488105353346,Excellent
A4701,"Freedom Healthcare Alliance, LLC",11.07,7.351177459368564,4.99,-3.718822540631436,-6.08,Negative,Negative,2.361177459368564,Moderate
A4707,"Essential Health Partners ACO, LLC",1.93,2.420230700445256,1.35,0.4902307004452562,-0.5799999999999998,Positive,Negative,1.070230700445256,Good
A4709,"CALIFORNIA CLINICAL PARTNERS ACO, LLC",11.76,11.790944408132631,14.24,0.03094440813263155,2.4800000000000004,Stable,Positive,2.449055591867369,Moderate
A4711,"Prospect Health Services PA, Inc.",3.99,5.398611199105046,6.12,1.4086111991050458,2.13,Positive,Positive,0.721388800894954,Excellent
A4723,"Community Care of Brooklyn IPA, Inc.",8.36,8.441527888979639,12.99,0.08152788897963958,4.630000000000001,Stable,Positive,4.548472111020361,Poor
A4733,UHA ACO LLC,11.07,11.163546000365889,10.35,0.09354600036588856,-0.7200000000000006,Stable,Negative,0.8135460003658892,Excellent
A4737,"Aledade Accountable Care 34, LLC",13.54,11.46802993309189,9.2,-2.0719700669081096,-4.34,Negative,Negative,2.2680299330918903,Moderate
A4744,"Aledade Accountable Care 43, LLC",11.62,11.529173170862014,10.26,-0.09082682913798479,-1.3599999999999994,Stable,Negative,1.2691731708620146,Good
A4749,"ACMG Health Systems, Inc.",11.36,8.761733617268835,9.57,-2.5982663827311647,-1.7899999999999991,Negative,Negative,0.8082663827311656,Excellent
A4754,"CareAllies Accountable Care Collaborative, LLC",-0.51,5.901841346351845,4.74,6.411841346351845,5.25,Positive,Positive,1.1618413463518449,Good
A4756,"Aledade Accountable Care 57, LLC",8.54,9.993608368955647,10.32,1.4536083689556474,1.7800000000000011,Positive,Positive,0.32639163104435376,Excellent
A4757,"Aledade Accountable Care 58, LLC",7.05,5.0491095160916375,3.81,-2.0008904839083623,-3.2399999999999998,Negative,Negative,1.2391095160916374,Good
A4764,"Five Star ACO, LLC",9.92,6.3868323642452784,6.57,-3.5331676357547215,-3.3499999999999996,Negative,Negative,0.18316763575472184,Excellent
A4768,"Banner Network Colorado, LLC",8.23,7.424749023626503,8.13,-0.8052509763734976,-0.09999999999999964,Negative,Stable,0.705250976373498,Excellent
A4771,"EHN MSSP ACO, LLC",-0.96,-0.7304880218814809,-1.41,0.2295119781185191,-0.44999999999999996,Stable,Negative,0.679511978118519,Excellent
A4775,"Aledade Accountable Care 60, LLC",11.97,11.708832798323394,12.11,-0.26116720167660645,0.1399999999999988,Negative,Stable,0.40116720167660525,Excellent
A4776,"Aledade Accountable Care 59, LLC",5.68,6.443539647718365,6.16,0.7635396477183649,0.4800000000000004,Positive,Positive,0.2835396477183645,Excellent
A4777,"Aledade Accountable Care 61, LLC",8.27,9.543213376319292,6.89,1.2732133763192923,-1.38,Positive,Negative,2.653213376319292,Moderate
A4778,"Healthier Communities ACO, LLC",8.0,8.116272665754282,8.23,0.1162726657542823,0.23000000000000043,Stable,Stable,0.11372733424571813,Excellent
A4794,"Advanced Doctors ACO, LLC",3.19,5.316823161052545,4.98,2.126823161052545,1.7900000000000005,Positive,Positive,0.3368231610525445,Excellent
A4795,"Cura Health Network, LLC",18.25,16.887889052989667,17.09,-1.3621109470103328,-1.1600000000000001,Negative,Negative,0.2021109470103326,Excellent
A4799,"Genesis Accountable Care Organization, LLC",3.01,4.654809277667184,4.89,1.6448092776671839,1.88,Positive,Positive,0.23519072233281602,Excellent
A4803,"WellStar Clinical Partners Medicare ACO, LLC",2.79,0.8722896708414368,-0.83,-1.917710329158563,-3.62,Negative,Negative,1.7022896708414368,Good
A4824,Dignity Health Care Network LLC,2.49,0.9940993719457152,1.56,-1.495900628054285,-0.9300000000000002,Negative,Negative,0.5659006280542849,Excellent
A4825,"Froedtert & The Medical College of Wisconsin ACO, LLC",-0.36,4.530682165925016,7.02,4.890682165925016,7.38,Positive,Positive,2.489317834074984,Moderate
A4830,Stony Brook ACO LLC,3.6,2.833585438423813,3.3,-0.766414561576187,-0.30000000000000027,Negative,Negative,0.46641456157618677,Excellent
A4832,"SSM IL ACO, LLC",7.21,7.170855733118322,5.63,-0.039144266881677936,-1.58,Stable,Negative,1.5408557331183221,Good
A4856,"Aledade Accountable Care 80, LLC",12.94,12.731701665428709,13.17,-0.20829833457129077,0.23000000000000043,Stable,Stable,0.4382983345712912,Excellent
A4862,"NJPACO R, LLC",8.45,7.418148126402518,7.83,-1.031851873597481,-0.6199999999999992,Negative,Negative,0.4118518735974819,Excellent
A4868,"Sentara Accountable Care Organization, LLC",6.11,7.014952265646652,7.46,0.904952265646652,1.3499999999999996,Positive,Positive,0.44504773435334766,Excellent
A4873,"Accountable Care Coalition of Northeast Partners, LLC",5.95,3.230787698683277,5.39,-2.7192123013167233,-0.5600000000000005,Negative,Negative,2.159212301316723,Moderate
A4885,"WellMed Foundation Medicare ACO, LLC",5.51,3.887156186528288,3.29,-1.6228438134717118,-2.2199999999999998,Negative,Negative,0.597156186528288,Excellent
A4888,"WellMed Network Medicare ACO, LLC",8.58,6.254809753465899,8.55,-2.325190246534101,-0.02999999999999936,Negative,Stable,2.2951902465341014,Moderate
A4889,"WellMed Texas Medicare ACO, LLC",6.39,5.220211596071928,2.98,-1.169788403928072,-3.4099999999999997,Negative,Negative,2.2402115960719278,Moderate
A4894,"Aledade Accountable Care 79, LLC",9.25,11.701235218955935,11.4,2.4512352189559348,2.1500000000000004,Positive,Positive,0.3012352189559344,Excellent
A4895,"WellMed MSSP ACO, LLC",9.45,9.228872354781974,8.32,-0.22112764521802575,-1.129999999999999,Stable,Negative,0.9088723547819733,Excellent
A4901,TUALITY HEALTH PLAN SERVICES,-4.98,-2.9382890256228227,-8.77,2.0417109743771777,-3.789999999999999,Positive,Negative,5.831710974377177,Poor
A4922,"Wellforce ACO, LLC",3.52,2.474758526915725,2.26,-1.0452414730842752,-1.2600000000000002,Negative,Negative,0.21475852691572506,Excellent
A4923,"Accountable Care Organization of the North Country, LLC",5.1,1.415833535072873,-1.27,-3.6841664649271264,-6.369999999999999,Negative,Negative,2.685833535072873,Moderate
A4924,"Peninsula Regional Clinically Integrated Network, LLC",-0.1,5.395105744983836,3.89,5.495105744983836,3.99,Positive,Positive,1.5051057449838363,Good
A4931,IHCI ACO LLC,-0.33,3.3308343322785476,0.75,3.6608343322785477,1.08,Positive,Positive,2.5808343322785476,Moderate
A4937,"BEST CARE COLLABORATIVE, LLC",1.27,2.103156303320602,1.4,0.8331563033206022,0.1299999999999999,Positive,Stable,0.7031563033206023,Excellent
A4938,"UNC Senior Alliance, LLC",0.05,3.021192171133485,0.64,2.971192171133485,0.59,Positive,Positive,2.3811921711334847,Moderate
A4943,"Privia Quality Network Tennessee, LLC",4.97,6.310439899770144,6.95,1.3404398997701445,1.9800000000000004,Positive,Positive,0.6395601002298559,Excellent
A4945,Imperium Clinical Partners LLC,3.61,3.4532992980990236,4.1,-0.1567007019009763,0.48999999999999977,Stable,Positive,0.6467007019009761,Excellent
A4947,"Privia Quality Network Central Florida, LLC",7.54,7.740775196403419,9.11,0.200775196403419,1.5699999999999994,Stable,Positive,1.3692248035965804,Good
A4949,"Carilion Clinic Medicare Shared Savings Company, LLC",0.7,4.6833045575878645,4.66,3.9833045575878643,3.96,Positive,Positive,0.023304557587864316,Excellent
A4960,"Lifeprint Accountable Care Organization, LLC",6.61,6.723092562586288,6.49,0.11309256258628775,-0.1200000000000001,Stable,Stable,0.23309256258628785,Excellent
A4961,"Desert Mountain ACO, LLC.",7.54,7.247032286146814,5.81,-0.2929677138531863,-1.7300000000000004,Negative,Negative,1.437032286146814,Good
A4964,"Torrance Memorial Integrated Physicians, LLC",4.46,3.676899754123335,3.27,-0.7831002458766649,-1.19,Negative,Negative,0.406899754123335,Excellent
A4974,Caravan Health ACO 43 LLC,1.53,5.178168325715694,2.39,3.6481683257156936,0.8600000000000001,Positive,Positive,2.7881683257156937,Moderate
A4976,"Mary Washington Health Alliance, LLC",3.39,0.04373178099308889,-0.73,-3.346268219006911,-4.12,Negative,Negative,0.7737317809930888,Excellent
A4977,"Bellin Health Partners, Inc.",8.4,9.428177098401676,10.98,1.0281770984016756,2.58,Positive,Positive,1.5518229015983245,Good
A4979,"ProHealth Solutions, LLC",0.17,-2.073423332312286,-0.68,-2.243423332312286,-0.8500000000000001,Negative,Negative,1.393423332312286,Good
A4983,"PROSPECT HEALTH SERVICES RI, INC",3.12,1.205523339226522,1.97,-1.914476660773478,-1.1500000000000001,Negative,Negative,0.7644766607734779,Excellent
A4984,"Concord Hospital ACO, LLC",0.65,0.17447202832722522,-0.26,-0.47552797167277483,-0.91,Negative,Negative,0.4344720283272252,Excellent
A4986,Privia Quality Network Maryland LLC,8.17,8.492721837902469,7.87,0.3227218379024688,-0.2999999999999998,Positive,Negative,0.6227218379024686,Excellent
A4988,THEDACARE ACO LLC,5.67,5.659042577304065,5.26,-0.010957422695934582,-0.41000000000000014,Stable,Negative,0.39904257730406556,Excellent
A4992,"Aledade Accountable Care 90, LLC",4.08,5.1338926285392645,5.51,1.0538926285392645,1.4299999999999997,Positive,Positive,0.37610737146073525,Excellent
A4996,"Aledade Accountable Care 94, LLC",5.19,6.558230592874466,5.09,1.3682305928744656,-0.10000000000000053,Positive,Stable,1.4682305928744661,Good
A4998,"Aledade Accountable Care 98, LLC",3.03,4.461170673819771,3.68,1.431170673819771,0.6500000000000004,Positive,Positive,0.7811706738197706,Excellent
A4999,"Aledade Accountable Care 99, LLC",5.19,6.550695013076729,8.26,1.3606950130767288,3.0699999999999994,Positive,Positive,1.7093049869232706,Good
A5002,"Aledade Accountable Care 102, LLC",3.25,7.1468281923569155,8.28,3.8968281923569155,5.029999999999999,Positive,Positive,1.133171807643084,Good
A5003,"Aledade Accountable Care 103, LLC",4.95,6.130689170093409,8.86,1.1806891700934088,3.9099999999999993,Positive,Positive,2.7293108299065905,Moderate
A5012,"CHESS Innovation, LLC",1.73,0.5187745882837574,0.54,-1.2112254117162427,-1.19,Negative,Negative,0.021225411716242593,Excellent
A5013,Baptist Health Quality Network LLC,-1.14,-1.2132243069476099,2.42,-0.07322430694760995,3.5599999999999996,Stable,Positive,3.63322430694761,Moderate
A5025,"AdvantagePoint Health Alliance - Northwest, LLC",0.8,0.7944805520552715,0.14,-0.005519447944728584,-0.66,Stable,Negative,0.6544805520552714,Excellent
A5028,"AdvantagePoint Health Alliance - Bluegrass, LLC",2.08,3.5643429093074355,2.78,1.4843429093074354,0.6999999999999997,Positive,Positive,0.7843429093074357,Excellent
A5030,PA Clinical Network ACO Inc,2.06,1.0119260319927232,1.85,-1.0480739680072768,-0.20999999999999996,Negative,Stable,0.8380739680072768,Excellent
A5033,"Henry Ford Physicians Accountable Care Organization, LLC",3.24,4.230752490703533,4.51,0.9907524907035326,1.2699999999999996,Positive,Positive,0.279247509296467,Excellent
A5037,"AdvantagePoint Health Alliance - Hot Springs, LLC",7.24,6.967678480028984,4.98,-0.2723215199710163,-2.26,Negative,Negative,1.9876784800289835,Good
A5038,"AdvantagePoint Health Alliance - Tennessee Valley, LLC",4.73,5.851904439473895,5.81,1.1219044394738944,1.0799999999999992,Positive,Positive,0.041904439473895216,Excellent
A5039,"AdvantagePoint Health Alliance - Western North Carolina, LLC",2.08,3.9799040997344415,3.61,1.8999040997344414,1.5299999999999998,Positive,Positive,0.3699040997344416,Excellent
A5040,"Pioneer Valley Accountable Care, LLC",1.41,3.8693268880306033,3.5,2.4593268880306036,2.09,Positive,Positive,0.3693268880306033,Excellent
A5045,"HCP ACO California, LLC",6.4,7.932487539704079,7.12,1.5324875397040785,0.7199999999999998,Positive,Positive,0.8124875397040787,Excellent
A5047,"Zenith Independent Physicians, PLLC",4.0,7.218046383408348,14.13,3.218046383408348,10.13,Positive,Positive,6.911953616591653,Poor
A5049,"Summit Medical Group, P.A.",4.65,6.855840201664273,8.0,2.205840201664273,3.3499999999999996,Positive,Positive,1.1441597983357266,Good
A5053,"Iowa Health Centers for Accountability - West, LLC",7.0,7.7937866617670215,6.44,0.7937866617670215,-0.5599999999999996,Positive,Negative,1.3537866617670211,Good
A5056,"Tandigm Value Partners, LLC",8.42,9.87562099690345,13.39,1.4556209969034501,4.970000000000001,Positive,Positive,3.5143790030965505,Moderate
A5058,"OptumCare ACO West, LLC",10.1,11.713331998213118,13.26,1.613331998213118,3.16,Positive,Positive,1.5466680017868821,Good
A5062,Kettering Physician Partners Accountable Care LLC,8.48,6.471997793889441,6.84,-2.008002206110559,-1.6400000000000006,Negative,Negative,0.36800220611055856,Excellent
A5067,"ACO Collaborative, LLC",1.24,5.1092722479112105,5.37,3.8692722479112103,4.13,Positive,Positive,0.2607277520887896,Excellent
A5068,River City Medical Group ACO LLC,2.89,3.016680984930589,4.21,0.126680984930589,1.3199999999999998,Stable,Positive,1.1933190150694108,Good
A5069,"EPC ACO, LLC",14.59,17.279483046233242,16.69,2.689483046233242,2.1000000000000014,Positive,Positive,0.5894830462332408,Excellent
A5080,"CareMax Accountable Care Network, LLC",1.63,2.612647476126339,1.69,0.9826474761263393,0.06000000000000005,Positive,Stable,0.9226474761263392,Excellent
A5088,"Atrius Health, Inc.",8.29,8.776546583417254,7.92,0.48654658341725465,-0.3699999999999992,Positive,Negative,0.8565465834172539,Excellent
A5094,"Gundersen Health Accountable Care Organization, LLC",1.42,1.9880326480026105,-1.06,0.5680326480026106,-2.48,Positive,Negative,3.0480326480026108,Moderate
A5116,"PHP Prime, LLC",6.04,7.184970130040875,5.67,1.1449701300408748,-0.3700000000000001,Positive,Negative,1.5149701300408749,Good
A5124,SSM WI ACO LLC,5.13,6.155101662514043,6.23,1.025101662514043,1.1000000000000005,Positive,Positive,0.07489833748595753,Excellent
A5147,"SBL Practice Acquisitions, Inc.",3.76,0.3622648031670246,1.24,-3.397735196832975,-2.5199999999999996,Negative,Negative,0.8777351968329754,Excellent
A5148,Health Leaders Network of Mississippi LLC,5.36,3.7995996571572843,4.74,-1.560400342842716,-0.6200000000000001,Negative,Negative,0.9404003428427159,Excellent
A5160,Caravan Health ACO 50 LLC,0.95,0.9997063411323677,1.36,0.049706341132367715,0.41000000000000014,Stable,Positive,0.3602936588676324,Excellent
A5166,MA-TDC GROUP ACO INC,-2.27,4.3378763211169336,5.46,6.607876321116933,7.73,Positive,Positive,1.1221236788830664,Good
A5169,"Privia Quality Network Colorado, LLC",1.26,0.3864112938888355,3.2,-0.8735887061111645,1.9400000000000002,Negative,Positive,2.813588706111165,Moderate
A5170,"Iowa Health Accountable Care, L.C.",1.74,3.003095893266061,1.52,1.2630958932660612,-0.21999999999999997,Positive,Stable,1.4830958932660612,Good
A5173,"Physician Partners ACO 1, LLC.",1.07,4.994666838464883,4.12,3.9246668384648826,3.05,Positive,Positive,0.8746668384648828,Excellent
A5176,"Arizona Care Network - Next, LLC",2.71,-3.1567453288131255,-2.37,-5.866745328813126,-5.08,Negative,Negative,0.7867453288131254,Excellent
A5177,"Tryon ACO, LLC",7.44,4.881400681615189,3.94,-2.558599318384811,-3.5000000000000004,Negative,Negative,0.9414006816151894,Excellent
A5178,"Banner Network Southern Arizona, LLC",-3.58,-1.2153536646162868,-1.35,2.3646463353837133,2.23,Positive,Positive,0.1346463353837133,Excellent
A5181,"Mountain Star Care Partners ACO, LLC",-0.17,-0.46495293247689695,-0.62,-0.2949529324768969,-0.44999999999999996,Negative,Negative,0.15504706752310304,Excellent
A5189,"Premier Health ACO, LLC",0.97,3.3613756088286575,2.75,2.3913756088286577,1.78,Positive,Positive,0.6113756088286575,Excellent
A5191,ELEHEALTH MEDICARE ACO LLC,2.32,0.7048660967669627,2.46,-1.6151339032330372,0.14000000000000012,Negative,Stable,1.7551339032330373,Good
A5192,Lore Health ACO LLC,-0.26,5.351045262483089,5.57,5.611045262483088,5.83,Positive,Positive,0.21895473751691163,Excellent
A5193,"Aledade Accountable Care 91, LLC",0.44,-1.481847169151157,-1.0,-1.921847169151157,-1.44,Negative,Negative,0.481847169151157,Excellent
A5202,Montana Health Plus,5.42,1.6935648026483279,2.95,-3.7264351973516723,-2.4699999999999998,Negative,Negative,1.2564351973516723,Good
A5203,"Emergent ACO 23.1, LLC",0.43,0.4460181566039314,1.0,0.01601815660393141,0.5700000000000001,Stable,Positive,0.5539818433960686,Excellent
A5206,"Aledade Accountable Care 93, LLC",1.63,4.1543000896267825,5.67,2.5243000896267827,4.04,Positive,Positive,1.5156999103732174,Good
A5214,"Health Choice Community Partners, LLC",2.73,5.702094587587403,3.71,2.9720945875874034,0.98,Positive,Positive,1.9920945875874034,Good
A5215,"Responsive Care Solutions, LLC",3.59,4.4467821236377985,3.67,0.8567821236377986,0.08000000000000007,Positive,Stable,0.7767821236377985,Excellent
A5216,"Aledade Accountable Care 101, LLC",-0.3,5.635169183728137,3.08,5.935169183728137,3.38,Positive,Positive,2.555169183728137,Moderate
A5220,"Sound Physicians Long Term Care Management, LLC",7.6,12.881277497686204,20.86,5.2812774976862045,13.26,Positive,Positive,7.978722502313795,Poor
A5226,"Aledade Accountable Care 143, LLC",-2.66,-0.24343708706018818,-1.01,2.416562912939812,1.6500000000000001,Positive,Positive,0.7665629129398118,Excellent
A5230,"Aledade Accountable Care 147, LLC",2.38,6.133651128581333,5.11,3.7536511285813328,2.7300000000000004,Positive,Positive,1.0236511285813323,Good
A5231,"Aledade Accountable Care 149, LLC",4.64,4.450926094419959,4.28,-0.18907390558004078,-0.35999999999999943,Stable,Negative,0.17092609441995865,Excellent
A5245,"Doylestown Value Partners, LLC",1.08,3.8910494759722414,2.05,2.8110494759722413,0.9699999999999998,Positive,Positive,1.8410494759722416,Good
A5249,"FACS MEDICARE ACO, LLC",3.91,0.7238412290780015,0.92,-3.1861587709219985,-2.99,Negative,Negative,0.19615877092199852,Excellent
A5255,"IntraCare Premier ACO, LLC",2.19,3.5864280553472763,2.43,1.3964280553472763,0.2400000000000002,Positive,Stable,1.156428055347276,Good
A5257,The Rural Advantage LLC,-0.81,0.32820418645731964,2.15,1.1382041864573198,2.96,Positive,Positive,1.8217958135426802,Good
A5260,"OBHS ACO 2, LLC",1.37,6.1487799109422445,4.5,4.778779910942244,3.13,Positive,Positive,1.6487799109422445,Good
A5275,"Jefferson Accountable Care, LLC",-0.37,1.8594716840859913,2.8,2.229471684085991,3.17,Positive,Positive,0.9405283159140085,Excellent
A5279,Sutter Preferred Direct Contracting Entity LLC,0.15,-2.1598564616366267,-0.6,-2.3098564616366266,-0.75,Negative,Negative,1.5598564616366266,Good
A5300,Vytalize Health Enhanced ACO LLC,1.13,5.300953498882344,7.47,4.170953498882344,6.34,Positive,Positive,2.1690465011176556,Moderate
A5304,Centrus Health LLC,6.05,4.986959639705905,5.16,-1.063040360294095,-0.8899999999999997,Negative,Negative,0.1730403602940953,Excellent
A5305,Centrus Health of Kansas LLC,2.16,4.808583935485536,5.15,2.6485839354855356,2.99,Positive,Positive,0.3414160645144646,Excellent
A5308,"Physician Partners ACO 2, LLC.",6.69,6.829341586959106,4.51,0.13934158695910526,-2.1800000000000006,Stable,Negative,2.319341586959106,Moderate
A5309,"Centrus Health of Overland Park, LLC",5.56,0.5891464241531278,0.01,-4.9708535758468715,-5.55,Negative,Negative,0.5791464241531278,Excellent
